Redirect from,Redirect to
/products/butterfly-off-the-shoulder-crewneck-black,/products/butterfly-off-the-shoulder-crewneck
/products/butterfly-off-the-shoulder-crewneck-black-copy,/products/butterfly-off-the-shoulder-crewneck
/products/form-straight-leggings-black,/products/form-straight-leggings
/products/form-straight-leggings-blue,/products/form-straight-leggings
/products/signature-leggings-black,/products/signature-leggings
/products/signature-leggings-royal-blue,/products/signature-leggings
/products/signature-long-sleeve-compression-black-with-white-text,/products/signature-long-sleeve-compression
/products/signature-long-sleeve-compression-blue,/products/signature-long-sleeve-compression
/products/signature-long-sleeve-compression-lilac-purple,/products/signature-long-sleeve-compression
/products/signature-short-sleeve-compression-black-with-white-text,/products/signature-short-sleeve-compression
/products/signature-long-sleeve-compression-blue-copy,/products/signature-short-sleeve-compression
/products/signature-short-sleeve-compression-lilac-purple,/products/signature-short-sleeve-compression
